Date,Open,High,Low,Close,Volume,Dividends,Stock Splits,MACD_Line,Signal_Line,Histogram,Moving_Average
2023-01-03 00:00:00-05:00,89.58999633789062,91.05000305175781,88.5199966430664,89.12000274658203,28131200,0.0,0.0,0.0,0.0,0.0,
2023-01-04 00:00:00-05:00,90.3499984741211,90.6500015258789,87.2699966430664,88.08000183105469,34854800,0.0,0.0,-0.08296303599648525,-0.01659260719929705,-0.0663704287971882,
2023-01-05 00:00:00-05:00,87.47000122070312,87.56999969482422,85.9000015258789,86.19999694824219,27194400,0.0,0.0,-0.2969890174033196,-0.07267188924010157,-0.22431712816321805,
2023-01-06 00:00:00-05:00,86.79000091552734,87.69000244140625,84.86000061035156,87.33999633789062,41381500,0.0,0.0,-0.3703485783922247,-0.13220722707052618,-0.2381413513216985,
2023-01-09 00:00:00-05:00,88.36000061035156,90.05000305175781,87.86000061035156,88.0199966430664,29003900,0.0,0.0,-0.36935848270407234,-0.17963747819723544,-0.1897210045068369,87.75199890136719
2023-01-10 00:00:00-05:00,85.9800033569336,88.66999816894531,85.83000183105469,88.41999816894531,30467800,0.0,0.0,-0.3324645995996036,-0.2102029024777091,-0.12226169712189452,87.61199798583985
2023-01-11 00:00:00-05:00,89.18000030517578,91.5999984741211,89.01000213623047,91.5199966430664,26862000,0.0,0.0,-0.052477039692149674,-0.17865772992059722,0.12618069022844755,88.29999694824218
2023-01-12 00:00:00-05:00,91.4800033569336,91.87000274658203,89.75,91.12999725341797,30258100,0.0,0.0,0.13637339969008622,-0.11565150399846054,0.25202490368854674,89.28599700927734
2023-01-13 00:00:00-05:00,90.8499984741211,92.19000244140625,90.12999725341797,92.12000274658203,26329200,0.0,0.0,0.3617538300033232,-0.020170437198103804,0.38192426720142697,90.24199829101562
2023-01-17 00:00:00-05:00,92.05999755859375,92.25,90.05000305175781,91.29000091552734,32602400,0.0,0.0,0.4680004161759541,0.07746373347670778,0.39053668269924635,90.89599914550782
2023-01-18 00:00:00-05:00,92.13999938964844,92.80000305175781,90.63999938964844,91.12000274658203,29116700,0.0,0.0,0.5323475979488848,0.1684405063711432,0.3639070915777416,91.43600006103516
2023-01-19 00:00:00-05:00,90.72000122070312,93.61000061035156,90.62999725341797,93.05000305175781,37000400,0.0,0.0,0.7306555556146606,0.2808835162198467,0.44977203939481386,91.74200134277343
2023-01-20 00:00:00-05:00,95.0999984741211,98.30000305175781,95.0199966430664,98.0199966430664,63191100,0.0,0.0,1.2741652043105773,0.47953985383799286,0.7946253504725844,93.12000122070313
2023-01-23 00:00:00-05:00,97.94999694824219,100.04000091552734,97.5,99.79000091552734,40005100,0.0,0.0,1.8266683729802082,0.7489655576664359,1.0777028153137724,94.65400085449218
2023-01-24 00:00:00-05:00,98.0999984741211,99.61000061035156,97.19999694824219,97.69999694824219,33078500,0.0,0.0,2.072000529129056,1.01357255195896,1.0584279771700962,95.93600006103516
2023-01-25 00:00:00-05:00,95.56999969482422,96.16000366210938,93.76000213623047,95.22000122070312,42330000,0.0,0.0,2.042765373725416,1.2194111163122512,0.8233542574131649,96.75599975585938
2023-01-26 00:00:00-05:00,96.5,97.56999969482422,95.37999725341797,97.5199966430664,30114000,0.0,0.0,2.1800563782703364,1.4115401687038682,0.7685162095664682,97.64999847412109
2023-01-27 00:00:00-05:00,97.30999755859375,100.31999969482422,97.30999755859375,99.37000274658203,33879800,0.0,0.0,2.4103554427581173,1.6113032235147182,0.7990522192433991,97.91999969482421
2023-01-30 00:00:00-05:00,97.4800033569336,98.29000091552734,96.4000015258789,96.94000244140625,27226200,0.0,0.0,2.3694745664566597,1.7629374921031067,0.606537074353553,97.35
2023-01-31 00:00:00-05:00,96.87000274658203,98.87999725341797,96.81999969482422,98.83999633789062,29870700,0.0,0.0,2.462009295382117,1.902751852758909,0.5592574426232082,97.57799987792968
2023-02-01 00:00:00-05:00,98.70999908447266,101.19000244140625,97.58000183105469,100.43000030517578,35531100,0.0,0.0,2.633288851954646,2.0488592525980565,0.5844295993565893,98.61999969482422
2023-02-02 00:00:00-05:00,105.80000305175781,107.8499984741211,105.61000061035156,107.73999786376953,69883800,0.0,0.0,3.320606955345667,2.303208793147579,1.0173981621980883,100.66399993896485
2023-02-03 00:00:00-05:00,102.93000030517578,107.80999755859375,102.58000183105469,104.77999877929688,65309300,0.0,0.0,3.5851370871004065,2.5595944519381444,1.025542635162262,101.74599914550781
2023-02-06 00:00:00-05:00,102.4000015258789,104.36000061035156,101.87999725341797,102.9000015258789,31999600,0.0,0.0,3.6015624853580874,2.7679880586221333,0.8335744267359542,102.93799896240235
2023-02-07 00:00:00-05:00,103.22000122070312,108.18000030517578,103.12000274658203,107.63999938964844,49010200,0.0,0.0,3.9515074277084494,3.0046919324393966,0.9468154952690528,104.6979995727539
2023-02-08 00:00:00-05:00,102.05000305175781,103.13999938964844,98.04000091552734,99.37000274658203,94743500,0.0,0.0,3.520934559986671,3.1079404579488514,0.4129941020378194,104.48600006103516
2023-02-09 00:00:00-05:00,100.0,100.02999877929688,93.62999725341797,95.01000213623047,119455000,0.0,0.0,2.7956602182394477,3.0454844100069707,-0.24982419176752302,101.94000091552735
2023-02-10 00:00:00-05:00,95.44999694824219,96.75,94.25,94.56999969482422,54980700,0.0,0.0,2.1604660495419523,2.868480737913967,-0.7080146883720149,99.89800109863282
2023-02-13 00:00:00-05:00,94.73999786376953,95.19999694824219,93.83999633789062,94.61000061035156,50076100,0.0,0.0,1.6413770610655547,2.623060002544285,-0.9816829414787303,98.24000091552735
2023-02-14 00:00:00-05:00,94.43000030517578,94.8499984741211,92.26000213623047,94.68000030517578,54726100,0.0,0.0,1.221562278671854,2.3427604577697987,-1.1211981790979446,95.64800109863282
2023-02-15 00:00:00-05:00,94.48999786376953,97.12000274658203,94.1500015258789,96.94000244140625,50169000,0.0,0.0,1.0590116961689802,2.086010705449635,-1.026999009280655,95.16200103759766
2023-02-16 00:00:00-05:00,95.37000274658203,97.68000030517578,94.73999786376953,95.51000213623047,42462600,0.0,0.0,0.8055146434114704,1.8299114930420022,-1.0243968496305318,95.26200103759766
2023-02-17 00:00:00-05:00,94.8499984741211,95.55999755859375,93.20999908447266,94.3499984741211,34284100,0.0,0.0,0.5051902826678116,1.5649672509671642,-1.0597769682993525,95.21800079345704
2023-02-21 00:00:00-05:00,93.0,93.0999984741211,91.72000122070312,91.79000091552734,33629300,0.0,0.0,0.05991993515841898,1.2639577878054151,-1.2040378526469961,94.65400085449218
2023-02-22 00:00:00-05:00,91.69999694824219,92.11000061035156,90.61000061035156,91.6500015258789,30884000,0.0,0.0,-0.300789489958035,0.9510083322527252,-1.2517978222107602,94.04800109863281
2023-02-23 00:00:00-05:00,91.91999816894531,91.94000244140625,89.76000213623047,90.88999938964844,41206400,0.0,0.0,-0.6405957399912126,0.6326875178039377,-1.2732832577951503,92.83800048828125
2023-02-24 00:00:00-05:00,89.44000244140625,89.88999938964844,88.58000183105469,89.12999725341797,36585100,0.0,0.0,-1.0399245024231618,0.29816511375851784,-1.3380896161816795,91.56199951171875
2023-02-27 00:00:00-05:00,89.87000274658203,90.16000366210938,89.33999633789062,89.87000274658203,27502300,0.0,0.0,-1.2819061487208785,-0.017849138737361422,-1.264057009983517,90.66600036621094
2023-02-28 00:00:00-05:00,89.33000183105469,91.2300033569336,89.31999969482422,90.05999755859375,30142000,0.0,0.0,-1.4417280102612153,-0.30262491304213224,-1.139103097219083,90.31999969482422
2023-03-01 00:00:00-05:00,89.9800033569336,91.02999877929688,89.66999816894531,90.36000061035156,31111200,0.0,0.0,-1.5265827522365214,-0.5474164808810101,-0.9791662713555113,90.06199951171875
2023-03-02 00:00:00-05:00,89.66000366210938,92.27999877929688,89.58999633789062,92.0,32204400,0.0,0.0,-1.444841271108615,-0.7269014389265311,-0.7179398321820838,90.28399963378907
2023-03-03 00:00:00-05:00,92.4800033569336,93.7300033569336,92.44999694824219,93.6500015258789,35160100,0.0,0.0,-1.2327093192020158,-0.8280630149816282,-0.4046463042203876,91.18800048828125
2023-03-06 00:00:00-05:00,94.0199966430664,95.97000122070312,94.0,95.12999725341797,32639300,0.0,0.0,-0.9343987652925705,-0.8493301650438166,-0.08506860024875385,92.23999938964843
2023-03-07 00:00:00-05:00,94.9800033569336,95.66999816894531,93.52999877929688,93.86000061035156,27835500,0.0,0.0,-0.7913415248925304,-0.8377324370135595,0.04639091212102908,93.0
2023-03-08 00:00:00-05:00,94.12000274658203,95.95999908447266,94.0,94.25,34103300,0.0,0.0,-0.6391304419303339,-0.7980120379969143,0.15888159606658048,93.77799987792969
2023-03-09 00:00:00-05:00,94.05000305175781,95.52999877929688,91.9000015258789,92.31999969482422,28813500,0.0,0.0,-0.666553344957677,-0.7717202993890669,0.1051669544313899,93.84199981689453
2023-03-10 00:00:00-05:00,92.16999816894531,92.79000091552734,90.4000015258789,90.62999725341797,35941000,0.0,0.0,-0.8152574854478871,-0.7804277366008311,-0.03482974884705603,93.23799896240234
2023-03-13 00:00:00-04:00,90.08999633789062,92.56999969482422,89.41999816894531,91.11000061035156,37335600,0.0,0.0,-0.884182028749521,-0.8011785950305691,-0.08300343371895191,92.43399963378906
2023-03-14 00:00:00-04:00,92.55999755859375,94.36000061035156,92.44000244140625,93.97000122070312,36050200,0.0,0.0,-0.6999583940005465,-0.7809345548245646,0.08097616082401815,92.45599975585938
2023-03-15 00:00:00-04:00,93.22000122070312,96.93000030517578,92.63999938964844,96.11000061035156,50622100,0.0,0.0,-0.3769347015728215,-0.700134584174216,0.32319988260139454,92.82799987792968
2023-03-16 00:00:00-04:00,96.19999694824219,101.19000244140625,95.5,100.31999969482422,65492000,0.0,0.0,0.2162824738948359,-0.5168511725604057,0.7331336464552416,94.4279998779297
2023-03-17 00:00:00-04:00,100.26000213623047,102.83999633789062,100.0999984741211,101.62000274658203,61028500,0.0,0.0,0.782292954827156,-0.25702234708289334,1.0393153019100494,96.6260009765625
2023-03-20 00:00:00-04:00,100.12000274658203,101.75,99.87000274658203,101.22000122070312,32960400,0.0,0.0,1.1849244867715214,0.03136701968798959,1.1535574670835318,98.64800109863282
2023-03-21 00:00:00-04:00,101.25,105.0999984741211,101.22000122070312,104.91999816894531,42110300,0.0,0.0,1.782029580470649,0.38149953184452146,1.4005300486261274,100.83800048828125
2023-03-22 00:00:00-04:00,104.2699966430664,106.58999633789062,103.33000183105469,103.37000274658203,43427400,0.0,0.0,2.105892573687754,0.726378140213168,1.379514433474586,102.29000091552734
2023-03-23 00:00:00-04:00,105.05999755859375,106.30000305175781,104.45999908447266,105.5999984741211,40797800,0.0,0.0,2.513524007337466,1.0838073136380277,1.4297166936994383,103.34600067138672
2023-03-24 00:00:00-04:00,104.98999786376953,105.48999786376953,103.83999633789062,105.44000244140625,30393300,0.0,0.0,2.791485999668808,1.4253430508441838,1.3661429488246242,104.11000061035156
2023-03-27 00:00:00-04:00,104.62000274658203,104.76000213623047,101.93000030517578,102.45999908447266,31120900,0.0,0.0,2.7397296176126957,1.6882203641978861,1.0515092534148096,104.35800018310547
2023-03-28 00:00:00-04:00,102.44000244140625,102.44999694824219,99.73999786376953,101.02999877929688,32057900,0.0,0.0,2.5538836572685284,1.8613530228120148,0.6925306344565136,103.58000030517579
2023-03-29 00:00:00-04:00,102.27999877929688,102.48999786376953,100.6500015258789,101.38999938964844,28779600,0.0,0.0,2.4078917580267074,1.9706607698549534,0.437230988171754,103.18399963378906
2023-03-30 00:00:00-04:00,100.91000366210938,101.16000366210938,99.77999877929688,100.88999938964844,33086200,0.0,0.0,2.2261842385862423,2.0217654636012115,0.2044187749850308,102.24199981689453
2023-03-31 00:00:00-04:00,101.30000305175781,103.88999938964844,101.04000091552734,103.7300033569336,36863400,0.0,0.0,2.2850041995079238,2.074413210782554,0.21059098872536985,101.9
2023-04-03 00:00:00-04:00,102.38999938964844,104.52999877929688,101.93000030517578,104.36000061035156,25035400,0.0,0.0,2.355304471733376,2.1305914629727183,0.22471300876065792,102.28000030517578
2023-04-04 00:00:00-04:00,104.33000183105469,105.58000183105469,104.04000091552734,104.72000122070312,24420100,0.0,0.0,2.412259953399783,2.1869251610581313,0.22533479234165155,103.01800079345703
2023-04-05 00:00:00-04:00,105.77999877929688,106.0999984741211,103.66000366210938,104.47000122070312,28290500,0.0,0.0,2.409450032159512,2.2314301352784076,0.17801989688110442,103.63400115966797
2023-04-06 00:00:00-04:00,105.26000213623047,109.16999816894531,104.33000183105469,108.41999816894531,48711500,0.0,0.0,2.6948898785443305,2.3241220839315924,0.3707677946127381,105.14000091552734
2023-04-10 00:00:00-04:00,106.9800033569336,107.58999633789062,105.12000274658203,106.44000244140625,27067400,0.0,0.0,2.7298657129333748,2.405270809731949,0.3245949032014259,105.68200073242187
2023-04-11 00:00:00-04:00,106.55000305175781,106.7300033569336,104.68000030517578,105.3499984741211,26311800,0.0,0.0,2.6392069679797174,2.4520580413815027,0.1871489265982147,105.88000030517578
2023-04-12 00:00:00-04:00,106.58000183105469,106.75,104.33999633789062,104.63999938964844,24370300,0.0,0.0,2.4814635004600376,2.45793913319721,0.023524367262827806,105.86399993896484
2023-04-13 00:00:00-04:00,105.83999633789062,107.48999786376953,105.83999633789062,107.43000030517578,24843600,0.0,0.0,2.5521607029244677,2.4767834471426617,0.07537725578180599,106.45599975585938
2023-04-14 00:00:00-04:00,106.88999938964844,108.94000244140625,106.83999633789062,108.87000274658203,26578000,0.0,0.0,2.6933377861876977,2.520094314951669,0.17324347123602868,106.54600067138672
2023-04-17 00:00:00-04:00,104.66000366210938,106.16000366210938,104.5199966430664,105.97000122070312,37571200,0.0,0.0,2.541914150939917,2.5244582821493187,0.017455868790598128,106.45200042724609
2023-04-18 00:00:00-04:00,106.48999786376953,106.54000091552734,104.06999969482422,104.5,26596400,0.0,0.0,2.2770446624026306,2.474975558199981,-0.19793089579735046,106.28200073242188
2023-04-19 00:00:00-04:00,103.58000183105469,104.9800033569336,103.06999969482422,104.18000030517578,20905700,0.0,0.0,2.0180495642475336,2.383590359409492,-0.36554079516195825,106.19000091552735
2023-04-20 00:00:00-04:00,103.91000366210938,106.25,103.87000274658203,105.29000091552734,27820800,0.0,0.0,1.8806825182082036,2.2830087911692343,-0.40232627296103063,105.76200103759766
2023-04-21 00:00:00-04:00,105.47000122070312,106.0,104.77999877929688,105.41000366210938,25800100,0.0,0.0,1.7611993534522128,2.1786469036258302,-0.41744755017361745,105.07000122070312
2023-04-24 00:00:00-04:00,105.48999786376953,106.62999725341797,104.69999694824219,105.97000122070312,23542800,0.0,0.0,1.6921887093465813,2.0813552647699805,-0.3891665554233992,105.07000122070312
2023-04-25 00:00:00-04:00,105.83000183105469,106.69000244140625,103.83999633789062,103.8499984741211,46664100,0.0,0.0,1.4497193108544622,1.9550280739868768,-0.5053087631324147,104.94000091552735
2023-04-26 00:00:00-04:00,104.91999816894531,106.3499984741211,102.62999725341797,103.70999908447266,53347600,0.0,0.0,1.232061348635355,1.8104347289165725,-0.5783733802812174,104.84600067138672
2023-04-27 00:00:00-04:00,104.44999694824219,108.37000274658203,103.54000091552734,107.58999633789062,50089200,0.0,0.0,1.3570064714014762,1.7197490774135533,-0.3627426060120771,105.30599975585938
2023-04-28 00:00:00-04:00,107.04000091552734,107.3499984741211,105.08999633789062,107.33999633789062,36139800,0.0,0.0,1.419490468196571,1.6596973555701569,-0.24020688737358586,105.69199829101562
2023-05-01 00:00:00-04:00,106.83999633789062,107.98999786376953,106.81999969482422,107.19999694824219,26681700,0.0,0.0,1.4411005945091233,1.6159780033579503,-0.17487740884882697,105.93799743652343
2023-05-02 00:00:00-04:00,107.13999938964844,107.19999694824219,103.70999908447266,105.31999969482422,30997200,0.0,0.0,1.2916375154840836,1.551109905783177,-0.2594723902990934,106.23199768066407
2023-05-03 00:00:00-04:00,105.52999877929688,107.48999786376953,104.95999908447266,105.41000366210938,21795400,0.0,0.0,1.1669971003563404,1.4742873446978098,-0.30729024434146934,106.5719985961914
2023-05-04 00:00:00-04:00,105.48999786376953,105.5999984741211,103.97000122070312,104.69000244140625,23419500,0.0,0.0,0.9986092463926894,1.3791517250367857,-0.3805424786440963,105.99199981689453
2023-05-05 00:00:00-04:00,104.81999969482422,105.87999725341797,104.11000061035156,105.56999969482422,26625100,0.0,0.0,0.9255004893275327,1.2884214778949352,-0.3629209885674025,105.63800048828125
2023-05-08 00:00:00-04:00,105.18000030517578,107.95999908447266,105.16000366210938,107.7699966430664,26511400,0.0,0.0,1.033172866537086,1.2373717556233654,-0.20419888908627937,105.75200042724609
2023-05-09 00:00:00-04:00,108.38999938964844,110.1500015258789,107.19000244140625,107.3499984741211,36360100,0.0,0.0,1.0722533894317081,1.204348082385034,-0.132094692953326,106.15800018310547
2023-05-10 00:00:00-04:00,107.97000122070312,112.94000244140625,107.93000030517578,111.75,63153400,0.0,0.0,1.441649893599518,1.251808444627931,0.18984144897158695,107.42599945068359
2023-05-11 00:00:00-04:00,115.4000015258789,117.91999816894531,114.41000366210938,116.56999969482422,78900000,0.0,0.0,2.099135450656007,1.4212738458335463,0.6778616048224608,109.80199890136718
2023-05-12 00:00:00-04:00,116.68000030517578,118.02999877929688,116.11000061035156,117.51000213623047,41073800,0.0,0.0,2.6653236408192242,1.670083804830682,0.9952398359885422,112.18999938964843
2023-05-15 00:00:00-04:00,116.11000061035156,118.4800033569336,116.01000213623047,116.51000213623047,36266800,0.0,0.0,2.9987722383451683,1.9358214915335794,1.0629507468115889,113.93800048828125
2023-05-16 00:00:00-04:00,116.48999786376953,120.75,116.43000030517578,119.51000213623047,45035600,0.0,0.0,3.4651633362547187,2.2416898604778073,1.2234734757769115,116.37000122070313
2023-05-17 00:00:00-04:00,119.61000061035156,121.66999816894531,118.88999938964844,120.83999633789062,33323600,0.0,0.0,3.897176829777777,2.5727872543378014,1.3243895754399757,118.18800048828125
2023-05-18 00:00:00-04:00,120.94999694824219,123.30999755859375,120.83000183105469,122.83000183105469,35234200,0.0,0.0,4.349983545470991,2.9282265125644393,1.4217570329065516,119.44000091552735
2023-05-19 00:00:00-04:00,123.55000305175781,125.97000122070312,122.1500015258789,122.76000213623047,41330300,0.0,0.0,4.64959015851565,3.272499241754682,1.3770909167609684,120.49000091552735
2023-05-22 00:00:00-04:00,122.94000244140625,126.43000030517578,122.73999786376953,125.05000305175781,35253000,0.0,0.0,5.014016037683689,3.6208026009404835,1.3932134367432054,122.19800109863282
2023-05-23 00:00:00-04:00,124.16000366210938,124.62999725341797,122.20999908447266,122.55999755859375,34046300,0.0,0.0,5.043762188144896,3.905394518381366,1.13836766976353,122.80800018310546
2023-05-24 00:00:00-04:00,121.12000274658203,121.91000366210938,119.86000061035156,120.9000015258789,34182600,0.0,0.0,4.877167469364949,4.099749108578083,0.7774183607868661,122.82000122070312
2023-05-25 00:00:00-04:00,124.5199966430664,125.31999969482422,121.95999908447266,123.4800033569336,42317000,0.0,0.0,4.896876397363769,4.25917456633522,0.6377018310285489,122.9500015258789
2023-05-26 00:00:00-04:00,123.16999816894531,125.26000213623047,122.44999694824219,124.61000061035156,35635900,0.0,0.0,4.946655236981783,4.396670700464533,0.5499845365172504,123.32000122070312
2023-05-30 00:00:00-04:00,125.63999938964844,125.66000366210938,122.0,123.66999816894531,35076700,0.0,0.0,4.854297663157425,4.488196093003111,0.36610157015431355,123.04400024414062
2023-05-31 00:00:00-04:00,122.75,124.05999755859375,122.5,122.87000274658203,37325800,0.0,0.0,4.662800810506425,4.523117036503774,0.13968377400265108,123.10600128173829
2023-06-01 00:00:00-04:00,122.81999969482422,124.41999816894531,122.62000274658203,123.72000122070312,30772700,0.0,0.0,4.527436478752421,4.523980924953504,0.0034555537989167107,123.67000122070313
2023-06-02 00:00:00-04:00,123.98999786376953,126.1500015258789,123.76000213623047,124.66999816894531,26963100,0.0,0.0,4.445570317508597,4.508298803464523,-0.06272848595592606,123.90800018310547
2023-06-05 00:00:00-04:00,124.01000213623047,127.43000030517578,123.83999633789062,126.01000213623047,32305500,0.0,0.0,4.437663296061018,4.494171701983823,-0.056508405922804705,124.18800048828125
2023-06-06 00:00:00-04:00,126.01000213623047,128.2899932861328,125.36000061035156,127.30999755859375,26638300,0.0,0.0,4.484600013279945,4.492257364243048,-0.007657350963103049,124.91600036621094
2023-06-07 00:00:00-04:00,126.97000122070312,129.0399932861328,122.12000274658203,122.5,52539000,0.0,0.0,4.086563732771282,4.411118637948695,-0.32455490517741303,124.84199981689453
2023-06-08 00:00:00-04:00,122.2300033569336,123.2300033569336,121.23999786376953,122.13999938964844,29389200,0.0,0.0,3.6994234217718116,4.268779594713318,-0.5693561729415064,124.5259994506836
2023-06-09 00:00:00-04:00,122.25,123.76000213623047,121.91000366210938,122.2300033569336,23762500,0.0,0.0,3.36112949548135,4.087249574866925,-0.7261200793855744,124.03800048828126
2023-06-12 00:00:00-04:00,122.79000091552734,124.05000305175781,121.66000366210938,123.63999938964844,28306400,0.0,0.0,3.170259242501899,3.90385150839392,-0.7335922658920206,123.56399993896484
2023-06-13 00:00:00-04:00,124.9800033569336,125.16000366210938,123.18000030517578,123.83000183105469,22278300,0.0,0.0,2.999745600963479,3.723030326907832,-0.7232847259443531,122.86800079345703
2023-06-14 00:00:00-04:00,123.0999984741211,124.05000305175781,121.44999694824219,123.66999816894531,30592300,0.0,0.0,2.81920333211454,3.542264927949174,-0.7230615958346336,123.1020004272461
2023-06-15 00:00:00-04:00,123.13999938964844,125.45999908447266,122.4000015258789,125.08999633789062,35246300,0.0,0.0,2.7589013704864698,3.3855922164566334,-0.6266908459701637,123.69199981689454
2023-06-16 00:00:00-04:00,125.93000030517578,126.11000061035156,123.27999877929688,123.52999877929688,45514000,0.0,0.0,2.5557715227078717,3.219628077706881,-0.6638565549990094,123.95199890136719
2023-06-20 00:00:00-04:00,122.93000030517578,124.56999969482422,122.13999938964844,123.0999984741211,26097500,0.0,0.0,2.3331965860273414,3.0423417793709735,-0.7091451933436321,123.84399871826172
2023-06-21 00:00:00-04:00,122.4000015258789,122.66000366210938,120.0999984741211,120.55000305175781,30306300,0.0,0.0,1.9288069399947716,2.8196348114957335,-0.8908278715009619,123.18799896240235
2023-06-22 00:00:00-04:00,120.0,123.23999786376953,118.83000183105469,123.1500015258789,26952200,0.0,0.0,1.7974040250558971,2.6151886542077665,-0.8177846291518693,123.08399963378906
2023-06-23 00:00:00-04:00,121.37999725341797,122.79000091552734,121.05999755859375,122.33999633789062,34885300,0.0,0.0,1.6093539880984054,2.4140217209858945,-0.8046677328874892,122.53399963378907
2023-06-26 00:00:00-04:00,120.76000213623047,122.0,118.2699966430664,118.33999633789062,33969900,0.0,0.0,1.124592802583578,2.1561359373054314,-1.0315431347218533,121.49599914550781
2023-06-27 00:00:00-04:00,117.08000183105469,119.08000183105469,116.0999984741211,118.33000183105469,39535900,0.0,0.0,0.7311809979729844,1.871144949438942,-1.1399639514659576,120.54199981689453
2023-06-28 00:00:00-04:00,117.08999633789062,120.38999938964844,116.8499984741211,120.18000030517578,27091400,0.0,0.0,0.5621980549974381,1.6093555705506413,-1.0471575155532031,120.46799926757812
2023-06-29 00:00:00-04:00,119.23999786376953,120.05999755859375,118.30000305175781,119.0999984741211,24090900,0.0,0.0,0.33724320369319116,1.3549330971791513,-1.0176898934859602,119.65799865722656
2023-06-30 00:00:00-04:00,120.16999816894531,121.08000183105469,119.69000244140625,119.69999694824219,29519700,0.0,0.0,0.20501642406910037,1.1249497625571412,-0.9199333384880408,119.12999877929687
2023-07-03 00:00:00-04:00,119.23999786376953,120.19000244140625,118.81999969482422,119.9000015258789,14467900,0.0,0.0,0.1150383559236019,0.9229674812304334,-0.8079291253068315,119.44199981689454
2023-07-05 00:00:00-04:00,119.23999786376953,122.61000061035156,119.2300033569336,121.75,27584800,0.0,0.0,0.19080996592839483,0.7765359781700257,-0.5857260122416309,120.1259994506836
2023-07-06 00:00:00-04:00,119.80000305175781,120.30000305175781,118.4000015258789,120.11000061035156,24745200,0.0,0.0,0.11717455275872624,0.6446636930877658,-0.5274891403290396,120.11199951171875
2023-07-07 00:00:00-04:00,120.0999984741211,121.05000305175781,119.4000015258789,119.4800033569336,21692600,0.0,0.0,0.007891476039660006,0.5173092496781447,-0.5094177736384847,120.18800048828125
2023-07-10 00:00:00-04:00,118.30000305175781,118.30999755859375,116.13999938964844,116.44999694824219,35315200,0.0,0.0,-0.31952901240838116,0.34994159726083957,-0.6694706096692207,119.53800048828126
2023-07-11 00:00:00-04:00,116.29000091552734,117.70999908447266,115.3499984741211,117.13999938964844,23078800,0.0,0.0,-0.5173707500556901,0.17647912779753364,-0.6938498778532237,118.98600006103516
2023-07-12 00:00:00-04:00,118.80000305175781,120.33000183105469,118.41000366210938,118.93000030517578,30404400,0.0,0.0,-0.5236869016739831,0.03644592190323029,-0.5601328235772134,118.42200012207032
2023-07-13 00:00:00-04:00,120.93000030517578,124.83000183105469,120.44999694824219,124.54000091552734,44297900,0.0,0.0,-0.07514609540187678,0.014127518442208878,-0.08927361384408565,119.30800018310546
2023-07-14 00:00:00-04:00,124.80000305175781,126.77999877929688,123.48999786376953,125.41999816894531,33266800,0.0,0.0,0.347330341071455,0.08076808296805811,0.2665622581033969,120.49599914550781
2023-07-17 00:00:00-04:00,125.94000244140625,127.0999984741211,124.19999694824219,124.6500015258789,25716200,0.0,0.0,0.6129479839775058,0.18720406316994767,0.4257439208075582,122.13600006103516
2023-07-18 00:00:00-04:00,124.5999984741211,124.68000030517578,122.95999908447266,123.76000213623047,26226400,0.0,0.0,0.7430707103396088,0.2983773926038799,0.4446933177357289,123.46000061035156
2023-07-19 00:00:00-04:00,124.5999984741211,125.18000030517578,121.80000305175781,122.02999877929688,37224000,0.0,0.0,0.6985447072458157,0.3784108555322671,0.32013385171354863,124.08000030517579
2023-07-20 00:00:00-04:00,121.41999816894531,124.08999633789062,118.22000122070312,119.19999694824219,37906800,0.0,0.0,0.4299439068204265,0.388717465789899,0.04122644103052747,123.01199951171876
2023-07-21 00:00:00-04:00,120.62000274658203,120.98999786376953,118.7300033569336,120.0199966430664,72937900,0.0,0.0,0.2800151196717593,0.3669769965662711,-0.08696187689451179,121.93199920654297
2023-07-24 00:00:00-04:00,121.66000366210938,123.0,120.9800033569336,121.52999877929688,29686100,0.0,0.0,0.27981450106743466,0.3495444974665038,-0.06972999639906913,121.30799865722656
2023-07-25 00:00:00-04:00,121.36000061035156,123.1500015258789,121.0199966430664,122.20999908447266,52509600,0.0,0.0,0.3307135905958205,0.34577831609236714,-0.015064725496546638,120.997998046875
2023-07-26 00:00:00-04:00,130.07000732421875,130.97999572753906,128.32000732421875,129.27000427246094,61682100,0.0,0.0,0.9300142758425238,0.4626255080423985,0.46738876780012534,122.44599914550781
2023-07-27 00:00:00-04:00,131.6699981689453,133.24000549316406,128.7899932861328,129.39999389648438,44952100,0.0,0.0,1.399322939124957,0.6499649942589102,0.7493579448660469,124.48599853515626
2023-07-28 00:00:00-04:00,130.77999877929688,133.74000549316406,130.57000732421875,132.5800018310547,36591200,0.0,0.0,2.004744058253536,0.9209208070578353,1.0838232511957004,126.99799957275391
2023-07-31 00:00:00-04:00,132.72999572753906,133.52999877929688,131.77999877929688,132.72000122070312,28055500,0.0,0.0,2.4673988002407157,1.2302164056944114,1.2371823945463043,129.23600006103516
2023-08-01 00:00:00-04:00,130.77999877929688,132.6300048828125,130.67999267578125,131.5500030517578,23166800,0.0,0.0,2.7084258945855737,1.5258583034726438,1.1825675911129299,131.1040008544922
2023-08-02 00:00:00-04:00,129.4499969482422,130.08999633789062,127.55999755859375,128.3800048828125,26273300,0.0,0.0,2.613522186995908,1.743391080177297,0.8701311068186113,130.9260009765625
2023-08-03 00:00:00-04:00,127.97000122070312,129.38999938964844,127.41999816894531,128.4499969482422,20089500,0.0,0.0,2.5149671143374803,1.8977062870093337,0.6172608273281466,130.73600158691406
2023-08-04 00:00:00-04:00,129.27999877929688,131.50999450683594,127.91000366210938,128.11000061035156,26130000,0.0,0.0,2.381968792686891,1.9945587881448452,0.38741000454204566,129.84200134277344
2023-08-07 00:00:00-04:00,129.16000366210938,131.61000061035156,129.02000427246094,131.52999877929688,22746300,0.0,0.0,2.52344325167779,2.100335680851434,0.42310757082635586,129.6040008544922
2023-08-08 00:00:00-04:00,130.6199951171875,131.50999450683594,129.5399932861328,131.39999389648438,23535200,0.0,0.0,2.595157116341724,2.1992999679494925,0.39585714839223174,129.5739990234375
2023-08-09 00:00:00-04:00,131.66000366210938,132.0399932861328,129.0,129.66000366210938,24912900,0.0,0.0,2.482966112793889,2.256033196918372,0.22693291587551734,129.8299987792969
2023-08-10 00:00:00-04:00,131.32000732421875,132.0500030517578,129.4499969482422,129.69000244140625,20857800,0.0,0.0,2.369164333288154,2.278659424192328,0.09050490909582587,130.0779998779297
2023-08-11 00:00:00-04:00,128.66000366210938,129.92999267578125,128.1699981689453,129.55999755859375,19569200,0.0,0.0,2.242633611305294,2.2714542616149216,-0.02882065030962755,130.3679992675781
2023-08-14 00:00:00-04:00,129.38999938964844,131.3699951171875,128.9600067138672,131.3300018310547,24695600,0.0,0.0,2.259139698594197,2.268991349010777,-0.009851650416579982,130.3279998779297
2023-08-15 00:00:00-04:00,131.10000610351562,131.4199981689453,129.27999877929688,129.77999877929688,19770700,0.0,0.0,2.122679669422837,2.239729013093189,-0.11704934367035191,130.00400085449218
2023-08-16 00:00:00-04:00,128.6999969482422,130.27999877929688,127.87000274658203,128.6999969482422,25216100,0.0,0.0,1.9054224672309488,2.172867703920741,-0.26744523668979214,129.81199951171874
2023-08-17 00:00:00-04:00,129.8000030517578,131.99000549316406,129.2899932861328,129.9199981689453,33446300,0.0,0.0,1.810814529077092,2.1004570689520112,-0.28964253987491917,129.85799865722657
2023-08-18 00:00:00-04:00,128.50999450683594,129.25,126.37999725341797,127.45999908447266,30491300,0.0,0.0,1.5198161943937407,1.9843288940403572,-0.46451269964661646,129.43799896240233
2023-08-21 00:00:00-04:00,127.18000030517578,128.72999572753906,126.55999755859375,128.3699951171875,25248700,0.0,0.0,1.34709847958041,1.8568828111483677,-0.5097843315679578,128.84599761962892
2023-08-22 00:00:00-04:00,128.50999450683594,130.27999877929688,128.32000732421875,129.0800018310547,22067500,0.0,0.0,1.253065495239369,1.7361193479665682,-0.48305385272719925,128.70599822998048
2023-08-23 00:00:00-04:00,130.17999267578125,133.41000366210938,129.8699951171875,132.3699951171875,27819700,0.0,0.0,1.427562587367504,1.6744079958467555,-0.24684540847925152,129.43999786376952
2023-08-24 00:00:00-04:00,133.9499969482422,134.25,129.57000732421875,129.77999877929688,28500700,0.0,0.0,1.341398919347057,1.6078061805468158,-0.26640726119975877,129.41199798583983
2023-08-25 00:00:00-04:00,129.5399932861328,130.75999450683594,127.25,129.8800048828125,26762900,0.0,0.0,1.2665828695334937,1.5395615183441516,-0.2729786488106578,129.8959991455078
2023-08-28 00:00:00-04:00,131.30999755859375,132.5399932861328,130.13999938964844,131.00999450683594,20543300,0.0,0.0,1.2836739359032379,1.4883840018559689,-0.204710065952731,130.4239990234375
2023-08-29 00:00:00-04:00,132.24000549316406,136.57000732421875,132.24000549316406,134.57000732421875,43075600,0.0,0.0,1.566425236173302,1.5039922487194355,0.062432987453866495,131.52200012207032
2023-08-30 00:00:00-04:00,134.77999877929688,136.27999877929688,134.07000732421875,135.8800048828125,28315800,0.0,0.0,1.8746042625841142,1.5781146514923714,0.29648961109174277,132.2240020751953
2023-08-31 00:00:00-04:00,136.00999450683594,138.0,135.7899932861328,136.1699981689453,30053800,0.0,0.0,2.1178254227674813,1.6860568057473935,0.43176861702008784,133.502001953125
2023-09-01 00:00:00-04:00,137.4600067138672,137.4600067138672,134.85000610351562,135.66000366210938,21524600,0.0,0.0,2.2435652266647708,1.797558489930869,0.4460067367339018,134.6580017089844
2023-09-05 00:00:00-04:00,135.44000244140625,136.4199981689453,134.5800018310547,135.77000427246094,19403100,0.0,0.0,2.325286600610468,1.9031041120667889,0.42218248854367935,135.61000366210936
2023-09-06 00:00:00-04:00,136.02000427246094,136.52999877929688,133.6699981689453,134.4600067138672,18684500,0.0,0.0,2.25831309574437,1.9741459088023052,0.2841671869420648,135.58800354003907
2023-09-07 00:00:00-04:00,133.58999633789062,135.5800018310547,132.9499969482422,135.25999450683594,18844300,0.0,0.0,2.2439219048098096,2.0281011080038063,0.2158207968060033,135.46400146484376
2023-09-08 00:00:00-04:00,134.91000366210938,136.66000366210938,134.85000610351562,136.3800048828125,23558300,0.0,0.0,2.2964205526761816,2.0817649969382814,0.21465555573790018,135.5060028076172
2023-09-11 00:00:00-04:00,136.5399932861328,137.47999572753906,135.7899932861328,136.9199981689453,20763400,0.0,0.0,2.3544583246541606,2.1363036624814575,0.21815466217270307,135.75800170898438
2023-09-12 00:00:00-04:00,136.25999450683594,136.8699951171875,135.19000244140625,135.33999633789062,18405500,0.0,0.0,2.2470580475196584,2.1584545394890977,0.08860350803056072,135.6720001220703
2023-09-13 00:00:00-04:00,135.08999633789062,136.89999389648438,134.14999389648438,136.7100067138672,20749500,0.0,0.0,2.246593609130173,2.176082353417313,0.07051125571285999,136.12200012207032
2023-09-14 00:00:00-04:00,137.60000610351562,138.6999969482422,136.24000549316406,138.10000610351562,24751000,0.0,0.0,2.3315106687213927,2.207168016478129,0.1243426522432638,136.69000244140625
2023-09-15 00:00:00-04:00,137.97999572753906,138.52000427246094,136.47999572753906,137.39999389648438,38908400,0.0,0.0,2.3156297767436627,2.228860368531236,0.08676940821242685,136.8940002441406
2023-09-18 00:00:00-04:00,136.61000061035156,139.16000366210938,136.61000061035156,138.2100067138672,21861300,0.0,0.0,2.341414946219089,2.2513712840688065,0.0900436621502827,137.152001953125
2023-09-19 00:00:00-04:00,137.4199981689453,138.41000366210938,136.6199951171875,138.0399932861328,20353700,0.0,0.0,2.321371885946462,2.2653714044443376,0.056000481502124444,137.69200134277344
2023-09-20 00:00:00-04:00,138.0800018310547,138.0800018310547,133.6199951171875,133.74000549316406,29927500,0.0,0.0,1.9361952838898162,2.1995361803334337,-0.26334089644361747,137.0980010986328
2023-09-21 00:00:00-04:00,131.44000244140625,132.22999572753906,130.07000732421875,130.44000244140625,31488700,0.0,0.0,1.349105733603892,2.0294500909875253,-0.6803443573836332,135.56600036621094
2023-09-22 00:00:00-04:00,130.75999450683594,132.02999877929688,129.60000610351562,130.25,26397300,0.0,0.0,0.8586039739958551,1.7952808675891914,-0.9366768935933363,134.13600158691406
2023-09-25 00:00:00-04:00,129.8300018310547,131.1699981689453,128.9600067138672,131.11000061035156,20094600,0.0,0.0,0.5331271002114022,1.5428501141136337,-1.0097230139022315,132.71600036621095
2023-09-26 00:00:00-04:00,129.77000427246094,130.36000061035156,127.22000122070312,128.57000732421875,25718700,0.0,0.0,0.06942778196838617,1.2481656476845844,-1.1787378657161982,130.82200317382814
2023-09-27 00:00:00-04:00,128.57000732421875,130.89999389648438,128.57000732421875,130.5399932861328,22746500,0.0,0.0,-0.1375107271800573,0.971030372711656,-1.1085410998917133,130.18200073242187
2023-09-28 00:00:00-04:00,129.83999633789062,133.3000030517578,129.7899932861328,132.30999755859375,22513100,0.0,0.0,-0.15687804193274246,0.7454486897827763,-0.9023267317155188,130.55599975585938
2023-09-29 00:00:00-04:00,133.27999877929688,134.0500030517578,130.36000061035156,130.86000061035156,30848100,0.0,0.0,-0.2859333523032319,0.5391722813655747,-0.8251056336688066,130.6779998779297
2023-10-02 00:00:00-04:00,131.2100067138672,134.4199981689453,131.1699981689453,134.1699981689453,22288000,0.0,0.0,-0.119741173676573,0.40738959035714517,-0.5271307640337182,131.28999938964844
2023-10-03 00:00:00-04:00,133.94000244140625,134.25999450683594,131.83999633789062,132.42999267578125,22989400,0.0,0.0,-0.12697291154427148,0.30051708997686183,-0.4274900015211333,132.06199645996094
2023-10-04 00:00:00-04:00,132.7899932861328,135.57000732421875,132.52999877929688,135.24000549316406,26752300,0.0,0.0,0.09296874833970037,0.2590074216494295,-0.16603867330972916,133.0019989013672
2023-10-05 00:00:00-04:00,135.07000732421875,135.49000549316406,133.4499969482422,135.07000732421875,19832600,0.0,0.0,0.2506671322265106,0.25733936376484573,-0.006672231538335127,133.5540008544922
2023-10-06 00:00:00-04:00,134.00999450683594,138.16000366210938,134.00999450683594,137.5800018310547,27583200,0.0,0.0,0.5715908736264339,0.3201896657371634,0.2514012078892705,134.89800109863282
2023-10-09 00:00:00-04:00,136.94000244140625,138.94000244140625,135.61000061035156,138.4199981689453,19278100,0.0,0.0,0.883521252120488,0.4328559830138284,0.45066526910665966,135.7480010986328
2023-10-10 00:00:00-04:00,138.5,139.72000122070312,137.3300018310547,138.05999755859375,27786600,0.0,0.0,1.0891245341362605,0.5641096932383148,0.5250148408979457,136.8740020751953
2023-10-11 00:00:00-04:00,138.5800018310547,141.11000061035156,138.5800018310547,140.5500030517578,25884300,0.0,0.0,1.436430967829665,0.7385739481565848,0.6978570196730801,137.93600158691407
2023-10-12 00:00:00-04:00,141.0500030517578,141.22000122070312,138.25999450683594,138.97000122070312,24765500,0.0,0.0,1.5661275322878794,0.9040846649828438,0.6620428673050356,138.71600036621095
2023-10-13 00:00:00-04:00,139.3800048828125,140.0,136.6199951171875,137.36000061035156,23420500,0.0,0.0,1.5214609454132813,1.0275599210689312,0.49390102434435,138.6720001220703
2023-10-16 00:00:00-04:00,138.1699981689453,139.6300048828125,137.99000549316406,139.10000610351562,28501900,0.0,0.0,1.6079310269985285,1.1436341422548508,0.4642968847436777,138.80800170898436
2023-10-17 00:00:00-04:00,138.6300048828125,139.89999389648438,137.17999267578125,139.72000122070312,23515800,0.0,0.0,1.706812541554683,1.2562698221148174,0.4505427194398657,139.14000244140624
2023-10-18 00:00:00-04:00,139.4499969482422,140.72000122070312,137.3800048828125,137.9600067138672,23375000,0.0,0.0,1.6244345362706554,1.3299027649459851,0.29453177132467023,138.62200317382812
2023-10-19 00:00:00-04:00,138.5,139.66000366210938,137.3800048828125,137.75,26066000,0.0,0.0,1.524628617220884,1.368847935400965,0.155780681819919,138.3780029296875
2023-10-20 00:00:00-04:00,137.3300018310547,137.8699951171875,135.0800018310547,135.60000610351562,26315200,0.0,0.0,1.2575489268814692,1.346588133697066,-0.08903920681559674,138.0260040283203
2023-10-23 00:00:00-04:00,135.0399932861328,137.66000366210938,133.9499969482422,136.5,26317900,0.0,0.0,1.1057618002452898,1.2984228670067108,-0.19266106676142103,137.5060028076172
2023-10-24 00:00:00-04:00,137.8300018310547,139.36000061035156,137.4199981689453,138.80999755859375,44814300,0.0,0.0,1.158512297723064,1.2704407531499815,-0.11192845542691754,137.32400207519532
2023-10-25 00:00:00-04:00,128.16000366210938,128.30999755859375,125.06999969482422,125.61000061035156,84366200,0.0,0.0,0.13364740616952986,1.0430820837538912,-0.9094346775843614,134.8540008544922
2023-10-26 00:00:00-04:00,123.2699966430664,124.33000183105469,121.2699966430664,122.27999877929688,57061100,0.0,0.0,-0.9364736367690227,0.6471709396493085,-1.5836445764183313,131.76000061035157
2023-10-27 00:00:00-04:00,122.87999725341797,123.30999755859375,120.20999908447266,122.16999816894531,44566500,0.0,0.0,-1.7729904725264873,0.16313865721414933,-1.9361291297406367,129.0739990234375
2023-10-30 00:00:00-04:00,123.20999908447266,125.4000015258789,122.75,124.45999908447266,28940100,0.0,0.0,-2.2254980004707363,-0.31458867432282783,-1.9109093261479084,126.66599884033204
2023-10-31 00:00:00-04:00,125.05999755859375,125.37000274658203,122.69000244140625,124.08000183105469,26292300,0.0,0.0,-2.5849780610931816,-0.7686665516768986,-1.8163115094162832,123.71999969482422
2023-11-01 00:00:00-04:00,124.06999969482422,126.48999786376953,123.72000122070312,126.44999694824219,30082400,0.0,0.0,-2.6481041042429183,-1.1445540621901025,-1.5035500420528158,123.88799896240235
2023-11-02 00:00:00-04:00,128.4199981689453,128.97999572753906,126.93000030517578,127.48999786376953,27124600,0.0,0.0,-2.5844209698111342,-1.432527443714309,-1.1518935260968253,124.92999877929688
2023-11-03 00:00:00-04:00,128.02000427246094,129.52999877929688,127.86000061035156,129.10000610351562,26380100,0.0,0.0,-2.376640979609192,-1.6213501508932857,-0.7552908287159064,126.31600036621094
2023-11-06 00:00:00-05:00,129.0500030517578,130.33999633789062,128.6699981689453,130.25,19052700,0.0,0.0,-2.095028756459527,-1.7160858720065342,-0.37894288445299296,127.4740005493164
2023-11-07 00:00:00-05:00,130.7100067138672,131.91000366210938,129.8800048828125,130.97000122070312,29757300,0.0,0.0,-1.793081432893473,-1.731484984183922,-0.061596448709551055,128.85200042724608
2023-11-08 00:00:00-05:00,130.97000122070312,132.2100067138672,130.77999877929688,131.83999633789062,26425800,0.0,0.0,-1.4666777206612949,-1.6785235314793967,0.21184581081810183,129.93000030517578
2023-11-09 00:00:00-05:00,131.9600067138672,132.5500030517578,130.07000732421875,130.24000549316406,23747800,0.0,0.0,-1.3218686377720132,-1.60719255273792,0.2853239149659068,130.4800018310547
2023-11-10 00:00:00-05:00,130.10000610351562,132.8000030517578,129.41000366210938,132.58999633789062,26913300,0.0,0.0,-1.0058865409116322,-1.4869313503726627,0.48104480946103045,131.1779998779297
2023-11-13 00:00:00-05:00,131.77999877929688,132.58999633789062,131.25,132.08999633789062,18324800,0.0,0.0,-0.7867451654123556,-1.3468941133806014,0.5601489479682458,131.5459991455078
2023-11-14 00:00:00-05:00,134.19000244140625,135.6999969482422,133.32000732421875,133.6199951171875,32395200,0.0,0.0,-0.4840362630070558,-1.1743225433058924,0.6902862802988365,132.07599792480468
2023-11-15 00:00:00-05:00,134.8699951171875,135.02999877929688,133.57000732421875,134.6199951171875,23861500,0.0,0.0,-0.16158300598857522,-0.971774635842429,0.8101916298538537,132.63199768066406
2023-11-16 00:00:00-05:00,135.19000244140625,137.22000122070312,134.32000732421875,136.92999267578125,28013200,0.0,0.0,0.277166023483403,-0.7219865039772626,0.9991525274606656,133.9699951171875
2023-11-17 00:00:00-05:00,136.0,136.05999755859375,133.64999389648438,135.30999755859375,37240600,0.0,0.0,0.4885262962173158,-0.47988394393834694,0.9684102401556627,134.5139953613281
2023-11-20 00:00:00-05:00,133.69000244140625,136.66000366210938,133.6199951171875,136.25,27815500,0.0,0.0,0.7235406499960391,-0.23919902515146976,0.9627396751475088,135.34599609375
2023-11-21 00:00:00-05:00,136.2899932861328,137.17999267578125,135.9600067138672,136.97000122070312,22635300,0.0,0.0,0.9568592222719872,1.2624333221628516e-05,0.9568465979387656,136.01599731445313
2023-11-22 00:00:00-05:00,137.47000122070312,139.4199981689453,137.47000122070312,138.49000549316406,17813900,0.0,0.0,1.2500081969606072,0.25001173885869876,0.9999964581019084,136.78999938964844
2023-11-24 00:00:00-05:00,138.02999877929688,138.1300048828125,135.99000549316406,136.69000244140625,12514300,0.0,0.0,1.3218482248873897,0.464379036064437,0.8574691888229528,136.74200134277345
2023-11-27 00:00:00-05:00,136.02999877929688,138.4199981689453,136.0,136.41000366210938,23436500,0.0,0.0,1.340733264659491,0.6396498817834478,0.7010833828760431,136.96200256347657
2023-11-28 00:00:00-05:00,136.0800018310547,137.25,135.4199981689453,137.1999969482422,18730000,0.0,0.0,1.4032696318686249,0.7923738318004833,0.6108958000681416,137.152001953125
2023-11-29 00:00:00-05:00,137.57000732421875,138.2899932861328,134.83999633789062,134.99000549316406,23967200,0.0,0.0,1.259978069796972,0.8858946793997811,0.37408339039719096,136.7560028076172
2023-11-30 00:00:00-05:00,135.0500030517578,135.5500030517578,131.27999877929688,132.52999877929688,38988300,0.0,0.0,0.9371140246768164,0.8961385484551881,0.040975476221628226,135.56400146484376
2023-12-01 00:00:00-05:00,131.86000061035156,132.11000061035156,130.6699981689453,131.86000061035156,31431200,0.0,0.0,0.6200313544853202,0.8409171096612146,-0.22088575517589437,134.5980010986328
2023-12-04 00:00:00-05:00,129.8800048828125,130.02999877929688,127.9000015258789,129.27000427246094,36669900,0.0,0.0,0.15792948217324465,0.7043195841636206,-0.546390101990376,133.1700012207031
2023-12-05 00:00:00-05:00,128.9499969482422,132.13999938964844,128.25,130.99000549316406,27384800,0.0,0.0,-0.06870783587470441,0.5497141001559557,-0.6184219360306601,131.9280029296875
2023-12-06 00:00:00-05:00,131.44000244140625,131.83999633789062,129.8800048828125,130.02000427246094,23576200,0.0,0.0,-0.32286870567347137,0.3751975389900703,-0.6980662446635417,130.9340026855469
2023-12-07 00:00:00-05:00,135.0399932861328,138.55999755859375,134.6999969482422,136.92999267578125,56767100,0.0,0.0,0.032905969315123684,0.306739225055081,-0.2738332557399573,131.81400146484376
2023-12-08 00:00:00-05:00,134.1999969482422,136.39999389648438,134.02999877929688,134.99000549316406,32233900,0.0,0.0,0.15651500245280658,0.27669438053462614,-0.12017937808181955,132.44000244140625
2023-12-11 00:00:00-05:00,132.3800048828125,133.33999633789062,131.36000061035156,133.2899932861328,31138000,0.0,0.0,0.11596253039061821,0.24454801050582456,-0.12858548011520635,133.24400024414064
2023-12-12 00:00:00-05:00,131.80999755859375,133.0,131.25999450683594,132.52000427246094,29032800,0.0,0.0,0.02144551522971483,0.1999275114506026,-0.17848199622088778,133.55
2023-12-13 00:00:00-05:00,133.3800048828125,133.5,131.57000732421875,132.57000732421875,30104800,0.0,0.0,-0.04886182317756038,0.15016964452497003,-0.1990314677025304,134.06000061035155
2023-12-14 00:00:00-05:00,133.3800048828125,133.72000122070312,129.69000244140625,131.94000244140625,38722400,0.0,0.0,-0.15364589009504925,0.08940653760096617,-0.24305242769601543,133.06200256347657
2023-12-15 00:00:00-05:00,131.6199951171875,133.50999450683594,131.17999267578125,132.60000610351562,50815200,0.0,0.0,-0.1813408539208865,0.035257059296595644,-0.21659791321748215,132.58400268554686
2023-12-18 00:00:00-05:00,132.6300048828125,137.14999389648438,132.42999267578125,135.8000030517578,32258000,0.0,0.0,0.054297786860757924,0.0390652048094281,0.015232582051329824,133.08600463867188
2023-12-19 00:00:00-05:00,136.83999633789062,137.47000122070312,136.0800018310547,136.64999389648438,25476800,0.0,0.0,0.3061017148375811,0.0924725068150587,0.2136292080225224,133.91200256347656
2023-12-20 00:00:00-05:00,138.97000122070312,141.6999969482422,138.07000732421875,138.33999633789062,49107200,0.0,0.0,0.6347106655317134,0.20092013855838967,0.43379052697332376,135.06600036621094
2023-12-21 00:00:00-05:00,139.49000549316406,140.69000244140625,139.17999267578125,140.4199981689453,27488300,0.0,0.0,1.050860722649361,0.37090825537658395,0.679952467272777,136.76199951171876
2023-12-22 00:00:00-05:00,140.77000427246094,141.99000549316406,140.7100067138672,141.49000549316406,26514600,0.0,0.0,1.4502853035464511,0.5867836650105573,0.8635016385358938,138.53999938964844
2023-12-26 00:00:00-05:00,141.58999633789062,142.67999267578125,141.19000244140625,141.52000427246094,16780300,0.0,0.0,1.7490903871727426,0.8192450094429944,0.9298453777297482,139.68399963378906
2023-12-27 00:00:00-05:00,141.58999633789062,142.0800018310547,139.88999938964844,140.3699951171875,19628600,0.0,0.0,1.871525658115445,1.0297011391774846,0.8418245189379603,140.4279998779297
2023-12-28 00:00:00-05:00,140.77999877929688,141.13999938964844,139.75,140.22999572753906,16045700,0.0,0.0,1.9349547577354542,1.2107518628890785,0.7242028948463757,140.80599975585938
2023-12-29 00:00:00-05:00,139.6300048828125,140.36000061035156,138.77999877929688,139.69000244140625,18727200,0.0,0.0,1.9195227672877024,1.3525060437688035,0.567016723518899,140.66000061035157
2024-01-02 00:00:00-05:00,138.5500030517578,139.4499969482422,136.47999572753906,138.1699981689453,23711200,0.0,0.0,1.7643033710734812,1.434865509229739,0.32943786184374213,139.99599914550782
2024-01-03 00:00:00-05:00,137.25,139.6300048828125,137.0800018310547,138.9199981689453,24212100,0.0,0.0,1.6824157715201977,1.484375561687831,0.1980402098323668,139.4759979248047
2024-01-04 00:00:00-05:00,138.4199981689453,139.16000366210938,136.35000610351562,136.38999938964844,27137700,0.0,0.0,1.3972627265528388,1.4669529946608326,-0.06969026810799384,138.67999877929688
2024-01-05 00:00:00-05:00,136.75,137.16000366210938,135.14999389648438,135.72999572753906,22506000,0.0,0.0,1.105279134497863,1.3946182226282386,-0.2893390881303757,137.77999877929688
2024-01-08 00:00:00-05:00,136.2899932861328,139.00999450683594,136.25999450683594,138.83999633789062,21404000,0.0,0.0,1.1120125041181836,1.3380970789262276,-0.226084574808044,137.60999755859376
2024-01-09 00:00:00-05:00,138.5,141.49000549316406,138.14999389648438,140.9499969482422,24759600,0.0,0.0,1.2729345659955698,1.3250645763400961,-0.052130010344526356,138.16599731445314
2024-01-10 00:00:00-05:00,141.0,143.0,140.91000366210938,142.27999877929688,21320200,0.0,0.0,1.4906037398469323,1.3581724090414635,0.13243133080546876,138.83799743652344
2024-01-11 00:00:00-05:00,143.49000549316406,145.22000122070312,140.63999938964844,142.0800018310547,24008700,0.0,0.0,1.6282011566530628,1.4121781585637834,0.21602299808927938,139.9759979248047
2024-01-12 00:00:00-05:00,142.6699981689453,143.1999969482422,141.82000732421875,142.64999389648438,18768600,0.0,0.0,1.7629198541661992,1.4823264976842667,0.2805933564819325,141.35999755859376
2024-01-16 00:00:00-05:00,142.0,144.35000610351562,141.4499969482422,142.49000549316406,22670500,0.0,0.0,1.8356158288285087,1.5529843639131151,0.2826314649153936,142.08999938964843
2024-01-17 00:00:00-05:00,141.35000610351562,141.83999633789062,138.89999389648438,141.47000122070312,20968600,0.0,0.0,1.7902848034379701,1.6004444518180863,0.18984035161988388,142.19400024414062
2024-01-18 00:00:00-05:00,142.0500030517578,144.2100067138672,141.99000549316406,143.47999572753906,25746400,0.0,0.0,1.8947083789230135,1.6592972372390717,0.23541114168394173,142.43399963378906
2024-01-19 00:00:00-05:00,144.74000549316406,146.4499969482422,144.3800048828125,146.3800048828125,33300700,0.0,0.0,2.186269364935413,1.76469166277834,0.4215777021570728,143.29400024414062
2024-01-22 00:00:00-05:00,147.10000610351562,148.38999938964844,145.83999633789062,145.99000549316406,32200400,0.0,0.0,2.3586745238627884,1.8834882349952298,0.47518628886755865,143.96200256347657
2024-01-23 00:00:00-05:00,145.88999938964844,147.17999267578125,145.5,147.0399932861328,21636100,0.0,0.0,2.5506300190556885,2.0169165918073215,0.533713427248367,144.87200012207032
2024-01-24 00:00:00-05:00,148.5399932861328,149.85000610351562,148.10000610351562,148.6999969482422,25233500,0.0,0.0,2.8043774368359777,2.174408760813053,0.6299686760229246,146.31799926757813
2024-01-25 00:00:00-05:00,150.07000732421875,153.0500030517578,149.5399932861328,151.8699951171875,29149100,0.0,0.0,3.2241010233678935,2.384347213324021,0.8397538100438724,147.99599914550782
2024-01-26 00:00:00-05:00,151.10000610351562,152.5399932861328,151.00999450683594,152.19000244140625,26115500,0.0,0.0,3.5417300469603106,2.6158237800512794,0.9259062669090312,149.15799865722656
2024-01-29 00:00:00-05:00,152.05999755859375,153.77999877929688,151.42999267578125,153.50999450683594,27784300,0.0,0.0,3.8555216114392294,2.8637633463288696,0.9917582651103598,150.66199645996093
2024-01-30 00:00:00-05:00,152.8000030517578,153.6199951171875,151.19000244140625,151.4600067138672,36331800,0.0,0.0,3.8939003452934173,3.0697907461217793,0.8241095991716381,151.5459991455078
2024-01-31 00:00:00-05:00,143.6199951171875,144.0,139.8699951171875,140.10000610351562,71910000,0.0,0.0,2.973383346258913,3.050509266149206,-0.07712591989029294,149.8260009765625
2024-02-01 00:00:00-05:00,142.1199951171875,143.05999755859375,140.7899932861328,141.16000366210938,40466500,0.0,0.0,2.302854068541251,2.900978226627615,-0.5981241580863643,147.6840026855469
2024-02-02 00:00:00-05:00,139.25999450683594,142.6199951171875,136.5,142.3800048828125,62470600,0.0,0.0,1.8485893008294738,2.690500441467987,-0.8419111406385134,145.7220031738281
2024-02-05 00:00:00-05:00,142.82000732421875,145.47000122070312,142.77999877929688,143.67999267578125,38505400,0.0,0.0,1.575320041225666,2.4674643614195233,-0.8921443201938573,143.7560028076172
2024-02-06 00:00:00-05:00,144.64999389648438,145.36000061035156,143.19000244140625,144.10000610351562,29128200,0.0,0.0,1.3767731734781137,2.2493261238312416,-0.872552950353128,142.28400268554688
2024-02-07 00:00:00-05:00,144.75999450683594,145.6199951171875,143.92999267578125,145.5399932861328,25208900,0.0,0.0,1.3203975603407798,2.0635404111331495,-0.7431428507923696,143.37200012207032
2024-02-08 00:00:00-05:00,145.8300018310547,146.3300018310547,145.10000610351562,145.91000366210938,22563800,0.0,0.0,1.2906978642530476,1.9089719017571292,-0.6182740375040816,144.3220001220703
2024-02-09 00:00:00-05:00,146.67999267578125,149.44000244140625,146.17999267578125,149.0,26829500,0.0,0.0,1.4992154983835633,1.827020621082416,-0.32780512269885276,145.6459991455078
2024-02-12 00:00:00-05:00,148.4199981689453,149.33999633789062,147.3699951171875,147.52999877929688,21564100,0.0,0.0,1.5282338836048268,1.7672632735868983,-0.23902938998207146,146.41600036621094
2024-02-13 00:00:00-05:00,144.9199981689453,146.6699981689453,143.69000244140625,145.13999938964844,27837700,0.0,0.0,1.3428980929816987,1.6823902374658586,-0.3394921444841599,146.6239990234375
2024-02-14 00:00:00-05:00,146.0800018310547,146.52000427246094,144.08999633789062,145.94000244140625,22704200,0.0,0.0,1.2462062145085326,1.5951534328743935,-0.34894721836586085,146.7040008544922
2024-02-15 00:00:00-05:00,143.13999938964844,143.52000427246094,140.4600067138672,142.77000427246094,37590700,0.0,0.0,0.903371342233271,1.456797014746169,-0.5534256725128981,146.0760009765625
2024-02-16 00:00:00-05:00,142.99000549316406,143.19000244140625,140.13999938964844,140.52000427246094,31451100,0.0,0.0,0.444986512476504,1.2544349142922362,-0.8094484018157322,144.3800018310547
2024-02-20 00:00:00-05:00,139.66000366210938,142.0800018310547,139.49000549316406,141.1199951171875,25144700,0.0,0.0,0.1286445450101894,1.0292768404358268,-0.9006322954256374,143.0980010986328
2024-02-21 00:00:00-05:00,141.4499969482422,142.69000244140625,140.67999267578125,142.5500030517578,23315700,0.0,0.0,-0.00659305346647443,0.8221028616553666,-0.828695915121841,142.5800018310547
2024-02-22 00:00:00-05:00,144.92999267578125,145.0,142.8000030517578,144.08999633789062,27191900,0.0,0.0,0.010375164893929423,0.6597573223030793,-0.6493821574091498,142.21000061035156
2024-02-23 00:00:00-05:00,143.6699981689453,144.67999267578125,143.42999267578125,143.9600067138672,19493800,0.0,0.0,0.013181574913545546,0.5304421728251726,-0.517260597911627,142.4480010986328
2024-02-26 00:00:00-05:00,142.13999938964844,142.44000244140625,137.38999938964844,137.57000732421875,53641800,0.0,0.0,-0.49451342923012476,0.32545105241411315,-0.819964481644238,141.85800170898438
2024-02-27 00:00:00-05:00,138.02000427246094,139.25,137.08999633789062,138.8800048828125,33099200,0.0,0.0,-0.782143459947946,0.10393214994170134,-0.8860756098896473,141.41000366210938
2024-02-28 00:00:00-05:00,137.89999389648438,138.00999450683594,135.41000366210938,136.3800048828125,37328600,0.0,0.0,-1.1980115072630895,-0.1564565814992568,-1.0415549257638326,140.1760040283203
2024-02-29 00:00:00-05:00,137.27999877929688,138.86000061035156,136.39999389648438,138.4600067138672,42133000,0.0,0.0,-1.344255426673584,-0.39401635053412226,-0.9502390761394617,139.0500061035156
2024-03-01 00:00:00-05:00,138.42999267578125,138.8699951171875,136.9199981689453,137.13999938964844,31119500,0.0,0.0,-1.5488145754180493,-0.6249759955109077,-0.9238385799071417,137.68600463867188
2024-03-04 00:00:00-05:00,135.66000366210938,135.66000366210938,131.91000366210938,133.35000610351562,55999400,0.0,0.0,-1.993767052953018,-0.8987342069993298,-1.0950328459536882,136.84200439453124
2024-03-05 00:00:00-05:00,131.8800048828125,133.24000549316406,130.6699981689453,132.6699981689453,40194800,0.0,0.0,-2.3739011990449796,-1.1937676054084598,-1.1801335936365198,135.60000305175782
2024-03-06 00:00:00-05:00,133.1199951171875,133.5800018310547,130.85000610351562,131.39999389648438,35318600,0.0,0.0,-2.745984973996599,-1.5042110791260876,-1.2417738948705113,134.6040008544922
2024-03-07 00:00:00-05:00,132.7899932861328,134.94000244140625,131.61000061035156,134.3800048828125,37738200,0.0,0.0,-2.768488650915458,-1.7570665934839618,-1.0114220574314963,133.78800048828126
2024-03-08 00:00:00-05:00,134.2100067138672,138.08999633789062,134.0,135.41000366210938,39343100,0.0,0.0,-2.672404863817775,-1.9401342475507244,-0.7322706162670505,133.44200134277344
2024-03-11 00:00:00-04:00,136.1300048828125,139.10000610351562,136.1300048828125,137.6699981689453,32437800,0.0,0.0,-2.386386325075506,-2.029384663055681,-0.3570016620198251,134.30599975585938
2024-03-12 00:00:00-04:00,137.02999877929688,139.3800048828125,137.02999877929688,138.5,27563400,0.0,0.0,-2.0688914683121027,-2.0372860241069652,-0.031605444205137445,135.4720001220703
2024-03-13 00:00:00-04:00,139.0,141.08999633789062,138.99000549316406,139.7899932861328,23347200,0.0,0.0,-1.6936593785830212,-1.9685606950021766,0.2749013164191554,137.15
2024-03-14 00:00:00-04:00,141.19000244140625,143.58999633789062,140.4600067138672,143.10000610351562,42753400,0.0,0.0,-1.1163265550030985,-1.798113867002361,0.6817873119992626,138.8940002441406
2024-03-15 00:00:00-04:00,142.5,143.17999267578125,140.02999877929688,141.17999267578125,49460600,0.0,0.0,-0.8044420629007618,-1.5993795061820413,0.7949374432812795,140.047998046875
2024-03-18 00:00:00-04:00,148.61000061035156,152.14999389648438,147.1699981689453,147.67999267578125,69273700,0.0,0.0,-0.03240216666216611,-1.2859840382780663,1.2535818716159002,142.04999694824218
2024-03-19 00:00:00-04:00,148.16000366210938,148.7899932861328,146.0800018310547,147.02999877929688,24070400,0.0,0.0,0.5209902864167759,-0.924589173339098,1.4455794597558738,143.75599670410156
2024-03-20 00:00:00-04:00,148.0,148.86000061035156,146.74000549316406,148.74000549316406,21311500,0.0,0.0,1.085033452910551,-0.5226646480891682,1.6076981009997193,145.5459991455078
2024-03-21 00:00:00-04:00,149.47000122070312,150.3699951171875,146.89999389648438,147.60000610351562,24755600,0.0,0.0,1.4236424388478497,-0.13340323070176469,1.5570456695496144,146.4459991455078
2024-03-22 00:00:00-04:00,149.1199951171875,151.5800018310547,148.97999572753906,150.77000427246094,29175700,0.0,0.0,1.925587880750527,0.27839499158869363,1.6471928891618333,148.36400146484374
2024-03-25 00:00:00-04:00,149.94000244140625,150.3800048828125,147.82000732421875,150.07000732421875,19229300,0.0,0.0,2.2410657452788882,0.6709291423267326,1.5701366029521555,148.84200439453124
2024-03-26 00:00:00-04:00,150.22000122070312,152.25999450683594,149.97999572753906,150.6699981689453,22149100,0.0,0.0,2.510558319115148,1.0388549776844158,1.4717033414307323,149.57000427246095
2024-03-27 00:00:00-04:00,151.17999267578125,151.63999938964844,148.89999389648438,150.8699951171875,22879200,0.0,0.0,2.709043045836779,1.3728925913148886,1.3361504545218905,149.99600219726562
2024-03-28 00:00:00-04:00,150.85000610351562,151.42999267578125,150.1699981689453,150.92999267578125,24485400,0.0,0.0,2.8384648672206083,1.6660070464960326,1.1724578207245757,150.66199951171876
2024-04-01 00:00:00-04:00,150.69000244140625,155.74000549316406,150.61000061035156,155.49000549316406,31730800,0.0,0.0,3.2712782583840863,1.9870612888736434,1.2842169695104428,151.6059997558594
2024-04-02 00:00:00-04:00,153.5,154.6999969482422,152.14999389648438,154.55999755859375,24586000,0.0,0.0,3.4989088776674464,2.2894308066324043,1.2094780710350421,152.50399780273438
2024-04-03 00:00:00-04:00,153.60000610351562,155.0800018310547,152.72999572753906,154.9199981689453,24705000,0.0,0.0,3.6660963474170103,2.5647639147893257,1.1013324326276845,153.35399780273437
2024-04-04 00:00:00-04:00,153.5,154.77000427246094,150.4499969482422,150.52999877929688,34724700,0.0,0.0,3.405105424001931,2.732832216631847,0.6722732073700843,153.28599853515624
2024-04-05 00:00:00-04:00,150.02999877929688,153.4199981689453,149.60000610351562,152.5,23449300,0.0,0.0,3.318971830111707,2.850060139327819,0.4689116907838877,153.6
2024-04-08 00:00:00-04:00,152.77999877929688,155.27000427246094,152.61000061035156,154.85000610351562,20676000,0.0,0.0,3.4011300787105085,2.9602741272043573,0.4408559515061512,153.4720001220703
